----------------------------------------------KRAJINA------------------------------------------
insert into m_krajina values ('AF','Afghanistan');
insert into m_krajina values ('SK','Slovakia');
----------------------------------------------Kraj----------------------------------------------
insert into m_kraj values ('Bratislavskı','SK',100);
insert into m_kraj values ('Trnavskı','SK',200);
insert into m_kraj values ('Trenèiansky','SK',300);
insert into m_kraj values ('Nitriansky','SK',400);
insert into m_kraj values ('ilinskı','SK',500);
insert into m_kraj values ('Banskobystrickı','SK',600);
insert into m_kraj values ('Prešovskı','SK',700);
insert into m_kraj values ('Košickı','SK',800);
----------------------------------------------Okres----------------------------------------------
insert into m_okres values ('Bratislava I',100,101);
insert into m_okres values ('Bratislava II',100,102);
insert into m_okres values ('Bratislava III',100,103);
insert into m_okres values ('Bratislava IV',100,104);
insert into m_okres values ('Bratislava V',100,105);
insert into m_okres values ('Malacky',100,106);
insert into m_okres values ('Pezinok',100,107);
insert into m_okres values ('Senec',100,108);
insert into m_okres values ('Dunajská Streda',200,201);
insert into m_okres values ('Galanta',200,202);
insert into m_okres values ('Hlohovec',200,203);
insert into m_okres values ('Piešany',200,204);
insert into m_okres values ('Senica',200,205);
insert into m_okres values ('Skalica',200,206);
insert into m_okres values ('Trnava',200,207);
insert into m_okres values ('Bánovce nad Bebravou',300,301);
insert into m_okres values ('Ilava',300,302);
insert into m_okres values ('Myjava',300,303);
insert into m_okres values ('Nové Mesto nad Váhom',300,304);
insert into m_okres values ('Partizánske',300,305);
insert into m_okres values ('Povaská Bystrica',300,306);
insert into m_okres values ('Prievidza',300,307);
insert into m_okres values ('Púchov',300,308);
insert into m_okres values ('Trenèín',300,309);
insert into m_okres values ('Komárno',400,401);
insert into m_okres values ('Levice',400,402);
insert into m_okres values ('Nitra',400,403);
insert into m_okres values ('Nové Zámky',400,404);
insert into m_okres values ('Ša¾a',400,405);
insert into m_okres values ('Topo¾èany',400,406);
insert into m_okres values ('Zlaté Moravce',400,407);
insert into m_okres values ('Bytèa',500,501);
insert into m_okres values ('Èadca',500,502);
insert into m_okres values ('Dolnı Kubín',500,503);
insert into m_okres values ('Kysucké Nové Mesto',500,504);
insert into m_okres values ('Liptovskı Mikuláš',500,505);
insert into m_okres values ('Martin',500,506);
insert into m_okres values ('Námestovo',500,507);
insert into m_okres values ('Ruomberok',500,508);
insert into m_okres values ('Turèianske Teplice',500,509);
insert into m_okres values ('Tvrdošín',500,510);
insert into m_okres values ('ilina',500,511);
insert into m_okres values ('Banská Bystrica',600,601);
insert into m_okres values ('Banská Štiavnica',600,602);
insert into m_okres values ('Brezno',600,603);
insert into m_okres values ('Detva',600,604);
insert into m_okres values ('Krupina',600,605);
insert into m_okres values ('Luèenec',600,606);
insert into m_okres values ('Poltár',600,607);
insert into m_okres values ('Revúca',600,608);
insert into m_okres values ('Rimavská Sobota',600,609);
insert into m_okres values ('Ve¾kı Krtíš',600,610);
insert into m_okres values ('Zvolen',600,611);
insert into m_okres values ('arnovica',600,612);
insert into m_okres values ('iar nad Hronom',600,613);
insert into m_okres values ('Bardejov',700,701);
insert into m_okres values ('Humenné',700,702);
insert into m_okres values ('Kemarok',700,703);
insert into m_okres values ('Levoèa',700,704);
insert into m_okres values ('Medzilaborce',700,705);
insert into m_okres values ('Poprad',700,706);
insert into m_okres values ('Prešov',700,707);
insert into m_okres values ('Sabinov',700,708);
insert into m_okres values ('Snina',700,709);
insert into m_okres values ('Stará ¼ubovòa',700,710);
insert into m_okres values ('Stropkov',700,711);
insert into m_okres values ('Svidník',700,712);
insert into m_okres values ('Vranov nad Top¾ou',700,713);
insert into m_okres values ('Gelnica',800,801);
insert into m_okres values ('Košice I',800,802);
insert into m_okres values ('Košice II',800,803);
insert into m_okres values ('Košice III',800,804);
insert into m_okres values ('Košice IV',800,805);
insert into m_okres values ('Košice - okolie',800,806);
insert into m_okres values ('Michalovce',800,807);
insert into m_okres values ('Roòava',800,808);
insert into m_okres values ('Sobrance',800,809);
insert into m_okres values ('Spišská Nová Ves',800,810);
insert into m_okres values ('Trebišov',800,811);
----------------------------------------------Obce----------------------------------------------
Insert into m_adresa values ('Ábelová',2,102,'529311');
Insert into m_adresa values ('Abovce',3,102,'529320');
Insert into m_adresa values ('Abrahám',4,102,'529338');
Insert into m_adresa values ('Abrahámovce',5,103,'529346');
Insert into m_adresa values ('Abrahámovce',6,103,'529354');
Insert into m_adresa values ('Pikovce',7,103,'529362');
Insert into m_adresa values ('Abramová',8,104,'529401');
Insert into m_adresa values ('Laclavá',9,104,'529371');
Insert into m_adresa values ('Polerieka',10,104,'529389');
Insert into m_adresa values ('Abranovce',11,104,'529397');
Insert into m_adresa values ('Adamovské Kochanovce',12,104,'529419');
Insert into m_adresa values ('Adidovce',13,104,'529427');
Insert into m_adresa values ('Alekšince',14,105,'529435');
Insert into m_adresa values ('Andovce',15,105,'529443');
Insert into m_adresa values ('Andrejová',16,105,'529460');
Insert into m_adresa values ('Ardanovce',17,105,'529494');
Insert into m_adresa values ('Ardovo',18,106,'507831');
Insert into m_adresa values ('Arnutovce',19,106,'507890');
Insert into m_adresa values ('Báb',20,106,'507954');
Insert into m_adresa values ('Babie',21,106,'507962');
Insert into m_adresa values ('Babín',22,106,'508012');
Insert into m_adresa values ('Babiná',23,106,'508021');
Insert into m_adresa values ('Babindol',24,106,'508039');
Insert into m_adresa values ('Babinec',25,106,'508055');
Insert into m_adresa values ('Bacúch',26,106,'508063');
Insert into m_adresa values ('Bacúrov',27,106,'504556');
Insert into m_adresa values ('Báè',28,106,'508080');
Insert into m_adresa values ('Baèka',29,106,'508161');
Insert into m_adresa values ('Baèkov',30,106,'504629');
Insert into m_adresa values ('Baèkovík',31,106,'504637');
Insert into m_adresa values ('Baïan',32,106,'508195');
Insert into m_adresa values ('Bádice',33,106,'504769');
Insert into m_adresa values ('Badín',34,106,'504858');
Insert into m_adresa values ('Báhoò',35,106,'504874');
Insert into m_adresa values ('Bajany',36,106,'508233');
Insert into m_adresa values ('Bajè',37,106,'508241');
Insert into m_adresa values ('Bajerov',38,106,'504947');
Insert into m_adresa values ('Bajerovce',39,106,'508349');
Insert into m_adresa values ('Bajka',40,106,'500267');
Insert into m_adresa values ('Bajtava',41,106,'508365');
Insert into m_adresa values ('Baka',42,106,'504980');
Insert into m_adresa values ('Baláe',43,106,'508381');
Insert into m_adresa values ('Baldovce',44,107,'507806');
Insert into m_adresa values ('Balog nad Ip¾om',45,107,'507849');
Insert into m_adresa values ('Baloò',46,107,'507857');
Insert into m_adresa values ('Baòa',47,107,'507873');
Insert into m_adresa values ('Baòa Lucia',48,107,'507881');
Insert into m_adresa values ('Banka',49,107,'507946');
Insert into m_adresa values ('Bánov',50,107,'508047');
Insert into m_adresa values ('Bánovce nad Bebravou',51,107,'508101');
Insert into m_adresa values ('Biskupice',52,107,'508179');
Insert into m_adresa values ('Horné Ozorovce',53,107,'508187');
Insert into m_adresa values ('Bánovce nad Ondavou',54,107,'508225');
Insert into m_adresa values ('Banská Belá',55,107,'507989');
Insert into m_adresa values ('Banská Bystrica',56,107,'508250');
Insert into m_adresa values ('Banská Štiavnica',57,107,'508268');
Insert into m_adresa values ('Banské',58,107,'508306');
Insert into m_adresa values ('Banskı Studenec',59,107,'508314');
Insert into m_adresa values ('Bara',60,107,'508322');
Insert into m_adresa values ('Malá Bara',61,108,'507814');
Insert into m_adresa values ('Ve¾ká Bara',62,108,'507822');
Insert into m_adresa values ('Barca',63,108,'503681');
Insert into m_adresa values ('Bardejov',64,108,'507865');
Insert into m_adresa values ('Bardejovská Nová Ves',65,108,'545333');
Insert into m_adresa values ('Dlhá Lúka',66,108,'507903');
Insert into m_adresa values ('Bardejovská Zábava',67,108,'503797');
Insert into m_adresa values ('Bardejovské Kúpele',68,108,'503801');
Insert into m_adresa values ('Bardoòovo',69,108,'503819');
Insert into m_adresa values ('Bartošova Lehôtka',70,108,'507911');
Insert into m_adresa values ('Bartošovce',71,108,'555487');
Insert into m_adresa values ('Baška',72,108,'507938');
Insert into m_adresa values ('Baškovce',73,108,'507997');
Insert into m_adresa values ('Baškovce',74,108,'555495');
Insert into m_adresa values ('Bašovce',75,108,'503851');
Insert into m_adresa values ('Batizovce',76,108,'503894');
Insert into m_adresa values ('Bátka',77,108,'508071');
Insert into m_adresa values ('Bátorová',78,108,'508098');
Insert into m_adresa values ('Bátorove Kosihy',79,108,'508110');
Insert into m_adresa values ('Bátovce',80,108,'508136');
Insert into m_adresa values ('Jalakšová',81,108,'582549');
Insert into m_adresa values ('Beckov',82,108,'503983');
Insert into m_adresa values ('Beckovská Vieska',83,108,'508209');
Insert into m_adresa values ('Beharovce',84,108,'508217');
Insert into m_adresa values ('Becherov',85,108,'508276');
Insert into m_adresa values ('Belá',86,108,'508284');
Insert into m_adresa values ('Belá',87,108,'508292');
Insert into m_adresa values ('Kubíková',88,108,'508331');
Insert into m_adresa values ('Belá nad Cirochou',89,108,'555509');
--------------------------------------------Vyrobcovia liekov----------------------------------------------------------------
Insert into m_vyrobca_liekov values ('529311','AGEPHA PHARMA s.r.o. ',45703850);
Insert into m_vyrobca_liekov values ('529320','Alliance Healthcare s.r.o. organizaèná zloka ',36869562);
Insert into m_vyrobca_liekov values ('529338','Allos a.s. ',45687463);
Insert into m_vyrobca_liekov values ('529346','AtB Pharma s.r.o. ',50765973);
Insert into m_vyrobca_liekov values ('529354','BIOMIN a.s. ',681725);
Insert into m_vyrobca_liekov values ('529362','BIONT a.s. ',35917571);
Insert into m_vyrobca_liekov values ('529401','Biotika a.s. ',31561900);
Insert into m_vyrobca_liekov values ('529371','CALENDULA a.s. ',35748320);
Insert into m_vyrobca_liekov values ('529389','DSV Solutions Slovakia s. r. o. ',36467308);
Insert into m_vyrobca_liekov values ('529397','EL spol. s r.o. ',31652859);
Insert into m_vyrobca_liekov values ('529419','EUROFINS BEL/NOVAMANN s.r.o. ',31329209);
Insert into m_vyrobca_liekov values ('529427','Farmácia Martin a.s. ',45266328);
Insert into m_vyrobca_liekov values ('529435','G.V.Pharma a.s. ',31709249);
Insert into m_vyrobca_liekov values ('529443','GALVEX spol. s r.o. ',36049506);
Insert into m_vyrobca_liekov values ('529460','GMP service s.r.o. ',50585789);
Insert into m_vyrobca_liekov values ('529494','hameln rds s. r. o. ',34122885);
Insert into m_vyrobca_liekov values ('507831','HBM Pharma s.r.o. ',31560784);
Insert into m_vyrobca_liekov values ('507890','IMUNA PHARM a.s. ',36473685);
Insert into m_vyrobca_liekov values ('507954','MED - ART spol. s r.o. ',34113924);
Insert into m_vyrobca_liekov values ('507962','MEDIGROUP s. r. o. ',43957773);
Insert into m_vyrobca_liekov values ('508012','MediPharm a.s. ',46147594);
Insert into m_vyrobca_liekov values ('508021','Medirex a.s. ',35766450);
Insert into m_vyrobca_liekov values ('508039','Messer Tatragas spol. s r.o. ',685852);
Insert into m_vyrobca_liekov values ('508055','MIKROCHEM spol. s r.o. ',604496);
Insert into m_vyrobca_liekov values ('508063','Movianto Slovensko s. r. o. ',36868132);
Insert into m_vyrobca_liekov values ('504556','Novartis Slovakia s.r.o. ',36723304);
Insert into m_vyrobca_liekov values ('508080','PHARMA REVOLTA s. r. o. ',52659453);
Insert into m_vyrobca_liekov values ('508161','PHOENIX Zdravotnícke zásobovanie a.s. ',34142941);
Insert into m_vyrobca_liekov values ('504629','RONCOR a.s. ',36323608);
Insert into m_vyrobca_liekov values ('504637','SanaClis s.r.o. ',35804084);
Insert into m_vyrobca_liekov values ('508195','Saneca Pharmaceuticals a. s. ',46833323);
Insert into m_vyrobca_liekov values ('504769','UNIMED PHARMA spol. s r.o. ',31367216);
Insert into m_vyrobca_liekov values ('504858','UNIPHARMA - 1. slovenská lekárnická akciová spoloènos ',31625657);
Insert into m_vyrobca_liekov values ('504874','VULM s.r.o. ',50094602);
------------------------------------------------------Liek--------------------------------------------------------------------
insert into m_liek values (1,45703850,'Novalgin 500 mg','Silná akútna, chronická boles');
insert into m_liek values (2,36869562,'Anopyrin 100 mg','pri infarkte, po operáciách tepien, pri angíne');
insert into m_liek values (3,45687463,'Concor 5 tabl','pre srdciarov');
insert into m_liek values (4,50765973,'Stilnox 1 mg','nespavos');
insert into m_liek values (5,681725,'Milurit30 x 300 mg','metabolické poruchy (dna)');
insert into m_liek values (6,35917571,'Agen 30 x 5 mg','lieèba zvıšeného krvného tlaku a is-chémia myokardu');
insert into m_liek values (7,31561900,'Tritace 30 x 5mg','terapia hypertenzie');
insert into m_liek values (8,35748320,'Enelbin 100 x 100 mg','pri ochoreniach vyvolanıch poruchami prekrvenia konèatín a mozgu');
insert into m_liek values (9,36467308,'Coronal 30 x 5mg','pre srdciarov');
insert into m_liek values (10,31652859,'Pamycon 1 f¾aœka','na lieèbu rán, zápalov');

----------------------------------------------------Lekaren-------------------------------------------------------------------
insert into m_lekaren values ('529311','Lekáreò Dr.Max',1);
insert into m_lekaren values ('529320','Lekáreò Medical Park',2);
insert into m_lekaren values ('529338','Lekáreò ZDRAVIE',3);
insert into m_lekaren values ('529311','Lekáreò VERONIKA',4);
insert into m_lekaren values ('529338','Lekáreò PÚPAVA',6);
insert into m_lekaren values ('529311','Lekáreò Karpatia',7);
insert into m_lekaren values ('529320','Lekáreò na korze',8);

---------------------------------------------------Institut-------------------------------------------------------------------
insert into m_institut values (529311,'Nemocnica sv. Michala', 'Nemocnica pre pacientov s diabetom', 1);

---------------------------------------------------Liecba-------------------------------------------------------------------
insert into m_liecba values (1,1,1,'Opakovana', 10.55, 1);

--------------------------------------------------HRAC---------------------------------------------------------------------
insert into m_hrac values ('aaaa825986dc8b723831d448', 'Denis', 'ADAM');
--------------------------------------------------Operacia---------------------------------------------------------------------
insert into m_operacia values (1, 'Operacia kolena', 'Odrezanie jablcka');

--------------------------------------------------Pouzivatel---------------------------------------------------------------------

DECLARE
  v_source_blob BFILE := BFILENAME('M_IMAGES_DIR', 'choc.jpg');
    v_size_blob integer;
      v_blob BLOB := EMPTY_BLOB();
BEGIN
    DBMS_LOB.OPEN(v_source_blob, DBMS_LOB.LOB_READONLY);
       v_size_blob := DBMS_LOB.GETLENGTH(v_source_blob);
    INSERT INTO m_pouzivatel values(1, 'a@gmail.com', 'a', CURRENT_TIMESTAMP, CURRENT_TIMESTAMP, EMPTY_BLOB(), '.jpg')
                returning subor into v_blob;
    DBMS_LOB.LOADFROMFILE(v_blob, v_source_blob, v_size_blob);
      DBMS_LOB.CLOSE(v_source_blob);
   UPDATE m_pouzivatel
      SET subor=v_blob
        WHERE id_pouzivatela=1;
        commit;
END;
/

--------------------------------------------------Osoba---------------------------------------------------------------------
insert into m_osoba values (null, null, '9704082355');
insert into m_osoba values (null, null, '9704082366');
insert into m_osoba values (null, null, '9704082377');
insert into m_osoba values (null, null, '9704082388');
insert into m_osoba values (null, null, '9704082399');
insert into m_osoba values (null, null, '9704082410');
insert into m_osoba values (null, null, '9704082421');
insert into m_osoba values (null, null, '9704082432');
insert into m_osoba values (null, null, '9704082443');
insert into m_osoba values (null, null, '9704082454');
insert into m_osoba values (null, null, '9704082465');
insert into m_osoba values (null, null, '9704082476');
insert into m_osoba values (null, null, '9704082487');
insert into m_osoba values (null, null, '9704082498');
insert into m_osoba values (null, null, '9704082509');
insert into m_osoba values (null, null, '9704082520');
insert into m_osoba values (null, null, '9704082531');
insert into m_osoba values (null, null, '9704082542');
insert into m_osoba values (null, null, '9704082553');
insert into m_osoba values (null, null, '9704082564');
insert into m_osoba values (null, null, '9704082575');
insert into m_osoba values ('aaaa825986dc8b723831d448', null, '9707256124');

--------------------------------------------------Poistovna---------------------------------------------------------------------
insert into m_poistovna values (null, 'ALLIANZ - Slovenská poisovòa a. s.',50274235);
insert into m_poistovna values (null, 'AXA poisovòa a.s. poboèka poisovne z iného èlenského štátu',40556518);
insert into m_poistovna values (null, 'ÈSOB Poisovòa a.s.',50256209);
insert into m_poistovna values (null, 'GENERALI Poisovòa a. s.',55842570);
insert into m_poistovna values (null, 'GENERALI Poisovòa a. s. odštepnı závod Genertel.',749897);
insert into m_poistovna values (null, 'GROUPAMA poisovòa a. s. poboèka poisovne z iného èlenského štátu',39509328);
insert into m_poistovna values (null, 'GENERALI Poisovòa a. s. odštepnı závod Európska cestovná poisovòa',34718090);
insert into m_poistovna values (null, 'KOMUNÁLNA poisovòa a.s. Vienna Insurance Group',39323152);
insert into m_poistovna values (null, 'KOOPERATIVA poisovòa a.s. Vienna Insurance Group',40114038);
insert into m_poistovna values (null, 'NOVIS Poisovòa a.s.',34818144);
insert into m_poistovna values (null, 'UNIQA poisovòa a.s.',34462129);
insert into m_poistovna values (null, 'UNION poisovòa a. s.',49792960);
insert into m_poistovna values (null, 'WüSTENROT poisovòa a.s.',34880173);

-----------------------------------------------------m_specializacia-------------------------------------------------------------------
insert into m_specializacia values (1,' vnútorné lekárstvo', null);
insert into m_specializacia values (2,' infektológia', null);
insert into m_specializacia values (3,' pneumológia a ftizeológia', null);
insert into m_specializacia values (4,' neurológia', null);
insert into m_specializacia values (5,' psychiatria', null);
insert into m_specializacia values (6,' pracovné lekárstvo', null);
insert into m_specializacia values (7,' pediatria', null);
insert into m_specializacia values (8,' všeobecná starostlivos o deti a dorast', null);
insert into m_specializacia values (9,' gynekológia a pôrodníctvo', null);
insert into m_specializacia values (10,' chirurgia', null);
insert into m_specializacia values (11,' ortopédia', null);
insert into m_specializacia values (12,' urológia', null);
insert into m_specializacia values (13,' úrazová chirurgia', null);
insert into m_specializacia values (14,' otorinolaryngológia', null);
insert into m_specializacia values (15,' oftalmológia', null);
insert into m_specializacia values (17,' pediatrická gynekológia', null);
insert into m_specializacia values (18,' dermatovenerológia', null);
insert into m_specializacia values (19,' klinická onkológia', null);
insert into m_specializacia values (20,' všeobecné lekárstvo', null);
insert into m_specializacia values (22,' dorastové lekárstvo', null);
insert into m_specializacia values (23,' rádiológia', null);
insert into m_specializacia values (24,' klinická biochémia', null);
insert into m_specializacia values (25,' anestéziológia a intenzívna medicína', null);
insert into m_specializacia values (26,' telovıchovné lekárstvo', null);
insert into m_specializacia values (27,' fyziatria balneológia a lieèebná rehabilitácia', null);
insert into m_specializacia values (28,' súdne lekárstvo', null);
insert into m_specializacia values (29,' patologická anatómia', null);
insert into m_specializacia values (31,' hematológia a transfuziológia', null);
insert into m_specializacia values (32,' urgentná medicína', null);
insert into m_specializacia values (34,' klinická mikrobiológia', null);
insert into m_specializacia values (37,' neurochirurgia', null);
insert into m_specializacia values (38,' plastická chirurgia', null);
insert into m_specializacia values (39,' ortopedická protetika', null);
insert into m_specializacia values (40,' klinická imunológia a alergológia', null);
insert into m_specializacia values (43,' radiaèná onkológia', null);
insert into m_specializacia values (44,' foniatria', null);
insert into m_specializacia values (45,' reumatológia', null);
insert into m_specializacia values (46,' algeziológia', null);
insert into m_specializacia values (47,' nukleárna medicína', null);
insert into m_specializacia values (48,' gastroenterológia', null);
insert into m_specializacia values (49,' kardiológia', null);
insert into m_specializacia values (50,' diabetológia poruchy látkovej premeny a vıivy', null);
insert into m_specializacia values (51,' neonatológia', null);
insert into m_specializacia values (52,' hygiena detí a mládee', null);
insert into m_specializacia values (56,' angiológia', null);
insert into m_specializacia values (57,' hygiena ivotného prostredia', null);
insert into m_specializacia values (58,' hygiena vıivy', null);
insert into m_specializacia values (59,' epidemiológia', null);
insert into m_specializacia values (60,' geriatria', null);
insert into m_specializacia values (61,' medicínska informatika a bioštatistika', null);
insert into m_specializacia values (62,' lekárska genetika', null);
insert into m_specializacia values (63,' nefrológia', null);
insert into m_specializacia values (64,' endokrinológia', null);
insert into m_specializacia values (65,' klinická farmakológia', null);
insert into m_specializacia values (66,' zdravotnícka informatika', null);
insert into m_specializacia values (67,' gynekologická sexuológia', null);
insert into m_specializacia values (68,' cievna chirurgia', null);
insert into m_specializacia values (69,' kardiochirurgia', null);
insert into m_specializacia values (70,' maxilofaciálna chirurgia', null);
insert into m_specializacia values (73,' medicína drogovıch závislostí', null);
insert into m_specializacia values (74,' gerontopsychiatria', null);
insert into m_specializacia values (76,' letecké lekárstvo', null);
insert into m_specializacia values (88,' lekár bez špecializácie', null);
insert into m_specializacia values (99,' lekár predpisujúci lieky pre seba a osoby blízke', null);
insert into m_specializacia values (100,' posudkové lekárstvo', null);
insert into m_specializacia values (102,' ochrana zdravia pred ionizujúcim iarením', null);
insert into m_specializacia values (104,' pediatrická neurológia', null);
insert into m_specializacia values (105,' detská psychiatria', null);
insert into m_specializacia values (106,' hrudníková chirurgia', null);
insert into m_specializacia values (107,' detská chirurgia', null);
insert into m_specializacia values (108,' pediatrická ortopédia', null);
insert into m_specializacia values (109,' pediatrická urológia', null);
insert into m_specializacia values (114,' pediatrická otorinolaryngológia', null);
insert into m_specializacia values (130,' materno', null);
insert into m_specializacia values (131,' vıchova k zdraviu', null);
insert into m_specializacia values (140,' pediatrická imunológia a alergiológia', null);
insert into m_specializacia values (145,' pediatrická reumatológia', null);
insert into m_specializacia values (153,' pediatrická endokrinológia', null);
insert into m_specializacia values (154,' pediatrická gastroenterológia hepatológia a vıiva', null);
insert into m_specializacia values (155,' pediatrická kardiológia', null);
insert into m_specializacia values (156,' pediatrická pneumológia a ftizeológia', null);
insert into m_specializacia values (163,' pediatrická nefrológia', null);
insert into m_specializacia values (216,' hepatológia', null);
insert into m_specializacia values (222,' gastroenterologická chirurgia', null);
insert into m_specializacia values (223,' neuropsychiatria', null);
insert into m_specializacia values (225,' laboratórna medicína', null);
insert into m_specializacia values (226,' tropická medicína', null);
insert into m_specializacia values (227,' verejné zdravotníctvo', null);
insert into m_specializacia values (229,' onkológia v gynekológii', null);
insert into m_specializacia values (231,' psychosomatická a behaviorálna medicína', null);
insert into m_specializacia values (247,' ultrazvuk v gynekológii a pôrodníctve', null);
insert into m_specializacia values (258,' špeciálne laboratórne a diagnostické metódy v hematológii a transfúziológii', null);
insert into m_specializacia values (271,' mamológia', null);
insert into m_specializacia values (289,' reprodukèná medicína', null);
insert into m_specializacia values (299,' akupunktúra', null);
insert into m_specializacia values (302,' andrológia', null);
insert into m_specializacia values (306,' klinické pracovné lekárstvo a klinická toxikológia', null);
insert into m_specializacia values (312,' gynekologická urológia', null);
insert into m_specializacia values (319,' onkológia v chirurgii', null);
insert into m_specializacia values (322,' onkológia v urológii', null);
insert into m_specializacia values (323,' pediatrická anestéziológia', null);
insert into m_specializacia values (329,' pediatrická hematológia a onkológia', null);
insert into m_specializacia values (331,' pediatrická infektológia', null);
insert into m_specializacia values (332,' pediatrická intenzívna medicína', null);
insert into m_specializacia values (334,' paliatívna medicína', null);
insert into m_specializacia values (336,' pediatrická oftalmológia', null);
insert into m_specializacia values (340,' sexuológia', null);
insert into m_specializacia values (341,' pediatrická urgentná medicína', null);
insert into m_specializacia values (353,' zdravotnícka ekológia', null);
insert into m_specializacia values (356,' revízne lekárstvo', null);
insert into m_specializacia values (366,' preventívne pracovné lekárstvo a toxikológia', null);
insert into m_specializacia values (367,' psychiatrická sexuológia', null);
insert into m_specializacia values (377,' sluby zdravia pri práci', null);
insert into m_specializacia values (801,' študijnı odbor všeobecné lekárstvo', null);
insert into m_specializacia values (860,' študijnı odbor detské lekárstvo', null);

-----------------------------------------------------m_krvna_skupina-------------------------------------------------------------------
insert into m_krvna_skupina values('9707256124', new m_krv('AB', 'rh+'), 1);

-----------------------------------------------------m_vlastnosti-------------------------------------------------------------------
insert into m_vlastnosti_hraca values('9707256124', new m_vlastnosti(75.8, 183), 1);

-----------------------------------------------------m_doktor-------------------------------------------------------------
insert into m_doktor values ('9704082355','A64932040','Lucia','Astalošová');
insert into m_doktor values ('9704082366','A37481001','Emil','Augustín');
insert into m_doktor values ('9704082377','A78485049','Michal','Augustín');
insert into m_doktor values ('9704082388','A57758009','Pavol','Babinec');
insert into m_doktor values ('9704082399','A35887023','Eva','Babišová');
insert into m_doktor values ('9704082410','A70620247','Pavol','Babjak');
insert into m_doktor values ('9704082421','A84940020','Peter','Babjak');
insert into m_doktor values ('9704082432','A41128154','Eva','Baèinská');
insert into m_doktor values ('9704082443','A52758001','Jana','Baèinská');
insert into m_doktor values ('9704082454','B59063016','Karin','Badíková');
insert into m_doktor values ('9704082465','B91009016','Štefan','Baïura');
insert into m_doktor values ('9704082476','A90906020','Štefan','Bajcar');
insert into m_doktor values ('9704082487','A18487801','Viera','Baláová');
insert into m_doktor values ('9704082498','A45400801','Zuzana','Baláová');
insert into m_doktor values ('9704082509','A96312801','Ivana','Balhárková');
insert into m_doktor values ('9704082520','B78798016','Miroslav','Ballay');
insert into m_doktor values ('9704082531','A35092001','Peter','Ballay');


-----------------------------------------------------m_specializacia_lekara-------------------------------------------------------------
insert into m_specializacia_lekara values ('A64932040',4,1);
insert into m_specializacia_lekara values ('A37481001',5,2);
insert into m_specializacia_lekara values ('A78485049',6,3);
insert into m_specializacia_lekara values ('A57758009',7,4);
insert into m_specializacia_lekara values ('A35887023',8,5);
insert into m_specializacia_lekara values ('A70620247',9,6);
insert into m_specializacia_lekara values ('A84940020',10,7);
insert into m_specializacia_lekara values ('A41128154',11,8);
insert into m_specializacia_lekara values ('A52758001',12,9);
insert into m_specializacia_lekara values ('B59063016',13,10);
insert into m_specializacia_lekara values ('B91009016',14,11);
insert into m_specializacia_lekara values ('A90906020',15,12);
insert into m_specializacia_lekara values ('A18487801',17,13);
insert into m_specializacia_lekara values ('A45400801',18,14);
insert into m_specializacia_lekara values ('A96312801',19,15);
insert into m_specializacia_lekara values ('B78798016',20,16);
insert into m_specializacia_lekara values ('A35092001',22,17);


-----------------------------------------------------m_zdravotny_zaznam-------------------------------------------------------------
insert into m_zdravotny_zaznam values ('A64932040','9704082542',1,CURRENT_TIMESTAMP,null,1);
insert into m_zdravotny_zaznam values ('A37481001','9704082553',1,CURRENT_TIMESTAMP,null,2);
insert into m_zdravotny_zaznam values ('A78485049','9704082564',1,CURRENT_TIMESTAMP,null,3);
insert into m_zdravotny_zaznam values ('A57758009','9704082575',1,CURRENT_TIMESTAMP,null,4);
insert into m_zdravotny_zaznam values ('A64932040','9704082542',1,CURRENT_TIMESTAMP,null,5);
insert into m_zdravotny_zaznam values ('A64932040','9704082542',1,CURRENT_TIMESTAMP,null,6);
insert into m_zdravotny_zaznam values ('A64932040','9704082542',1,CURRENT_TIMESTAMP,null,7);

-----------------------------------------------------m_zdravotna_karta-------------------------------------------------------------
insert into m_zdravotna_karta values ('9704082542', m_t_choroba(new m_rec_choroba('Zhubnı nádor blišie neurèenej sliznice úst.Zhubnı nádor vnútorného líca','Zhubnı nádor sliznice líca','C06.0')),1,null,CURRENT_TIMESTAMP,1);
insert into m_zdravotna_karta values ('9704082553', m_t_choroba(new m_rec_choroba('Infekcia zapríèinená Salmonella typhi. Tyfoidná horúèka','Brušnı tıfus','A01.0')),2,null,CURRENT_TIMESTAMP,2);
insert into m_zdravotna_karta values ('9704082564', m_t_choroba(new m_rec_choroba('Infekèná enetritída zapríèinená salmonelou. ','Salmonelová enteritída','A02.0')),3,null,CURRENT_TIMESTAMP,3);
insert into m_zdravotna_karta values ('9704082575', m_t_choroba(new m_rec_choroba('Klasická potravinová otrava zapríèinená Clostridium botulinum','Botulizmus','A05.1')),4,null,CURRENT_TIMESTAMP,4);
insert into m_zdravotna_karta values ('9704082542', m_t_choroba(new m_rec_choroba('Infekcia zapríèinená Salmonella typhi. Tyfoidná horúèka','Brušnı tıfus','A01.0')),5,null,CURRENT_TIMESTAMP,5);
insert into m_zdravotna_karta values ('9704082542', m_t_choroba(new m_rec_choroba('Infekèná enetritída zapríèinená salmonelou.','Salmonelová enteritída','A02.0')),6,null,CURRENT_TIMESTAMP,6);
insert into m_zdravotna_karta values ('9704082542', m_t_choroba(new m_rec_choroba('Klasická potravinová otrava zapríèinená Clostridium botulinum.','Botulizmus','A05.1')),7,null,CURRENT_TIMESTAMP,7);


-----------------------------------------------------m_adresa_hraca--------------------------------------------------------------------------------------------------------
insert into m_adresa_hraca values ('529311','9704082542',1);
insert into m_adresa_hraca values ('529320','9704082553',2);
insert into m_adresa_hraca values ('529338','9704082564',3);
insert into m_adresa_hraca values ('529346','9704082564',4);
insert into m_adresa_hraca values ('529354','9704082564',5);

-----------------------------------------------------m_osetrujuci_doktor--------------------------------------------------------------------------------------------------------
/*set SERVEROUTPUT ON;
create or replace procedure generuj_data_m_od
 as
  type t_record is record 
  (
   id_institut          int,
   id_doktor            char(11),
   id_osetrujuci_doktor int
  );
  m_od t_record;
  m_velkost_institut integer;
  m_velkost_doktor integer;
  m_velkost integer;
 begin
  m_velkost_institut := -1;
  m_velkost_doktor := -1;
  select count(*) into m_velkost_institut from m_institut;
  select count(*) into m_velkost_doktor from m_doktor;
  m_velkost := min(m_velkost_institut, m_velkost_doktor);
 end;
/
*/

insert into m_osetrujuci_doktor values (1,'A64932040',1);
insert into m_osetrujuci_doktor values (1,'A37481001',2);
insert into m_osetrujuci_doktor values (1,'A78485049',3);
insert into m_osetrujuci_doktor values (1,'A57758009',4);
insert into m_osetrujuci_doktor values (1,'A35887023',5);

-----------------------------------------------------m_operacie_pacienta--------------------------------------------------------------------------------------------------------

insert into m_operacie_pacienta values ('9704082542',1,1,null,1);
insert into m_operacie_pacienta values ('9704082553',1,2,null,2);
insert into m_operacie_pacienta values ('9704082564',1,1,null,3);
insert into m_operacie_pacienta values ('9704082564',1,1,null,4);
insert into m_operacie_pacienta values ('9704082564',1,2,null,5);

-----------------------------------------------------m_predpisana_liecba--------------------------------------------------------------------------------------------------------

insert into m_predpisana_liecba values (1,1,1);
insert into m_predpisana_liecba values (3,3,1);

