----------------------------------------------KRAJINA------------------------------------------
insert into m_krajina values ('AF','Afghanistan');
insert into m_krajina values ('SK','Slovakia');

----------------------------------------------Kraj----------------------------------------------
insert into m_kraj(n_kraja, id_krajiny) values ('Bratislavsk˝','SK');
insert into m_kraj(n_kraja, id_krajiny) values ('Trnavsk˝','SK');
insert into m_kraj(n_kraja, id_krajiny) values ('TrenËiansky','SK');
insert into m_kraj(n_kraja, id_krajiny) values ('Nitriansky','SK');
insert into m_kraj(n_kraja, id_krajiny) values ('éilinsk˝','SK');
insert into m_kraj(n_kraja, id_krajiny) values ('Banskobystrick˝','SK');
insert into m_kraj(n_kraja, id_krajiny) values ('Preöovsk˝','SK');
insert into m_kraj(n_kraja, id_krajiny) values ('Koöick˝','SK');


----------------------------------------------Okres----------------------------------------------
insert into m_okres(n_okresu, id_kraja) values ('Bratislava I',1);
insert into m_okres(n_okresu, id_kraja) values ('Bratislava II',1);
insert into m_okres(n_okresu, id_kraja) values ('Bratislava III',1);
insert into m_okres(n_okresu, id_kraja) values ('Bratislava IV',1);
insert into m_okres(n_okresu, id_kraja) values ('Bratislava V',1);
insert into m_okres(n_okresu, id_kraja) values ('Malacky',1);
insert into m_okres(n_okresu, id_kraja) values ('Pezinok',1);
insert into m_okres(n_okresu, id_kraja) values ('Senec',1);
insert into m_okres(n_okresu, id_kraja) values ('Dunajsk· Streda',2);
insert into m_okres(n_okresu, id_kraja) values ('Galanta',2);
insert into m_okres(n_okresu, id_kraja) values ('Hlohovec',2);
insert into m_okres(n_okresu, id_kraja) values ('Pieöùany',2);
insert into m_okres(n_okresu, id_kraja) values ('Senica',2);
insert into m_okres(n_okresu, id_kraja) values ('Skalica',2);
insert into m_okres(n_okresu, id_kraja) values ('Trnava',2);
insert into m_okres(n_okresu, id_kraja) values ('B·novce nad Bebravou',3);
insert into m_okres(n_okresu, id_kraja) values ('Ilava',3);
insert into m_okres(n_okresu, id_kraja) values ('Myjava',3);
insert into m_okres(n_okresu, id_kraja) values ('NovÈ Mesto nad V·hom',3);
insert into m_okres(n_okresu, id_kraja) values ('Partiz·nske',3);
insert into m_okres(n_okresu, id_kraja) values ('Povaûsk· Bystrica',3);
insert into m_okres(n_okresu, id_kraja) values ('Prievidza',3);
insert into m_okres(n_okresu, id_kraja) values ('P˙chov',3);
insert into m_okres(n_okresu, id_kraja) values ('TrenËÌn',3);
insert into m_okres(n_okresu, id_kraja) values ('Kom·rno',4);
insert into m_okres(n_okresu, id_kraja) values ('Levice',4);
insert into m_okres(n_okresu, id_kraja) values ('Nitra',4);
insert into m_okres(n_okresu, id_kraja) values ('NovÈ Z·mky',4);
insert into m_okres(n_okresu, id_kraja) values ('äaæa',4);
insert into m_okres(n_okresu, id_kraja) values ('TopoæËany',4);
insert into m_okres(n_okresu, id_kraja) values ('ZlatÈ Moravce',4);
insert into m_okres(n_okresu, id_kraja) values ('BytËa',5);
insert into m_okres(n_okresu, id_kraja) values ('»adca',5);
insert into m_okres(n_okresu, id_kraja) values ('Doln˝ KubÌn',5);
insert into m_okres(n_okresu, id_kraja) values ('KysuckÈ NovÈ Mesto',5);
insert into m_okres(n_okresu, id_kraja) values ('Liptovsk˝ Mikul·ö',5);
insert into m_okres(n_okresu, id_kraja) values ('Martin',5);
insert into m_okres(n_okresu, id_kraja) values ('N·mestovo',5);
insert into m_okres(n_okresu, id_kraja) values ('Ruûomberok',5);
insert into m_okres(n_okresu, id_kraja) values ('TurËianske Teplice',5);
insert into m_okres(n_okresu, id_kraja) values ('TvrdoöÌn',5);
insert into m_okres(n_okresu, id_kraja) values ('éilina',5);
insert into m_okres(n_okresu, id_kraja) values ('Bansk· Bystrica',6);
insert into m_okres(n_okresu, id_kraja) values ('Bansk· ätiavnica',6);
insert into m_okres(n_okresu, id_kraja) values ('Brezno',6);
insert into m_okres(n_okresu, id_kraja) values ('Detva',6);
insert into m_okres(n_okresu, id_kraja) values ('Krupina',6);
insert into m_okres(n_okresu, id_kraja) values ('LuËenec',6);
insert into m_okres(n_okresu, id_kraja) values ('Polt·r',6);
insert into m_okres(n_okresu, id_kraja) values ('Rev˙ca',6);
insert into m_okres(n_okresu, id_kraja) values ('Rimavsk· Sobota',6);
insert into m_okres(n_okresu, id_kraja) values ('Veæk˝ KrtÌö',6);
insert into m_okres(n_okresu, id_kraja) values ('Zvolen',6);
insert into m_okres(n_okresu, id_kraja) values ('éarnovica',6);
insert into m_okres(n_okresu, id_kraja) values ('éiar nad Hronom',6);
insert into m_okres(n_okresu, id_kraja) values ('Bardejov',7);
insert into m_okres(n_okresu, id_kraja) values ('HumennÈ',7);
insert into m_okres(n_okresu, id_kraja) values ('Keûmarok',7);
insert into m_okres(n_okresu, id_kraja) values ('LevoËa',7);
insert into m_okres(n_okresu, id_kraja) values ('Medzilaborce',7);
insert into m_okres(n_okresu, id_kraja) values ('Poprad',7);
insert into m_okres(n_okresu, id_kraja) values ('Preöov',7);
insert into m_okres(n_okresu, id_kraja) values ('Sabinov',7);
insert into m_okres(n_okresu, id_kraja) values ('Snina',7);
insert into m_okres(n_okresu, id_kraja) values ('Star· ºubovÚa',7);
insert into m_okres(n_okresu, id_kraja) values ('Stropkov',7);
insert into m_okres(n_okresu, id_kraja) values ('SvidnÌk',7);
insert into m_okres(n_okresu, id_kraja) values ('Vranov nad Topæou',7);
insert into m_okres(n_okresu, id_kraja) values ('Gelnica',8);
insert into m_okres(n_okresu, id_kraja) values ('Koöice I',8);
insert into m_okres(n_okresu, id_kraja) values ('Koöice II',8);
insert into m_okres(n_okresu, id_kraja) values ('Koöice III',8);
insert into m_okres(n_okresu, id_kraja) values ('Koöice IV',8);
insert into m_okres(n_okresu, id_kraja) values ('Koöice - okolie',8);
insert into m_okres(n_okresu, id_kraja) values ('Michalovce',8);
insert into m_okres(n_okresu, id_kraja) values ('RoûÚava',8);
insert into m_okres(n_okresu, id_kraja) values ('Sobrance',8);
insert into m_okres(n_okresu, id_kraja) values ('Spiösk· Nov· Ves',8);
insert into m_okres(n_okresu, id_kraja) values ('Trebiöov',8);


----------------------------------------------Obce----------------------------------------------
insert into m_adresa(n_mesta, cislo_domu, id_okresu, psc) values ('¡belov·',2,23,'529311');
insert into m_adresa(n_mesta, cislo_domu, id_okresu, psc) values ('Abovce',3,23,'529320');
insert into m_adresa(n_mesta, cislo_domu, id_okresu, psc) values ('Abrah·m',4,23,'529338');
insert into m_adresa(n_mesta, cislo_domu, id_okresu, psc) values ('Abrah·movce',5,24,'529346');
insert into m_adresa(n_mesta, cislo_domu, id_okresu, psc) values ('Abrah·movce',6,24,'529354');
insert into m_adresa(n_mesta, cislo_domu, id_okresu, psc) values ('Pikovce',7,24,'529362');
insert into m_adresa(n_mesta, cislo_domu, id_okresu, psc) values ('Abramov·',8,25,'529401');
insert into m_adresa(n_mesta, cislo_domu, id_okresu, psc) values ('Laclav·',9,25,'529371');
insert into m_adresa(n_mesta, cislo_domu, id_okresu, psc) values ('Polerieka',10,25,'529389');
insert into m_adresa(n_mesta, cislo_domu, id_okresu, psc) values ('Abranovce',11,25,'529397');
insert into m_adresa(n_mesta, cislo_domu, id_okresu, psc) values ('AdamovskÈ Kochanovce',12,25,'529419');
insert into m_adresa(n_mesta, cislo_domu, id_okresu, psc) values ('Adidovce',13,25,'529427');
insert into m_adresa(n_mesta, cislo_domu, id_okresu, psc) values ('Aleköince',14,26,'529435');
insert into m_adresa(n_mesta, cislo_domu, id_okresu, psc) values ('Andovce',15,26,'529443');
insert into m_adresa(n_mesta, cislo_domu, id_okresu, psc) values ('Andrejov·',16,26,'529460');
insert into m_adresa(n_mesta, cislo_domu, id_okresu, psc) values ('Ardanovce',17,26,'529494');
insert into m_adresa(n_mesta, cislo_domu, id_okresu, psc) values ('Ardovo',18,27,'507831');
insert into m_adresa(n_mesta, cislo_domu, id_okresu, psc) values ('Arnutovce',19,27,'507890');
insert into m_adresa(n_mesta, cislo_domu, id_okresu, psc) values ('B·b',20,27,'507954');
insert into m_adresa(n_mesta, cislo_domu, id_okresu, psc) values ('Babie',21,27,'507962');
insert into m_adresa(n_mesta, cislo_domu, id_okresu, psc) values ('BabÌn',22,27,'508012');
insert into m_adresa(n_mesta, cislo_domu, id_okresu, psc) values ('Babin·',23,27,'508021');
insert into m_adresa(n_mesta, cislo_domu, id_okresu, psc) values ('Babindol',24,27,'508039');
insert into m_adresa(n_mesta, cislo_domu, id_okresu, psc) values ('Babinec',25,27,'508055');
insert into m_adresa(n_mesta, cislo_domu, id_okresu, psc) values ('Bac˙ch',26,27,'508063');
insert into m_adresa(n_mesta, cislo_domu, id_okresu, psc) values ('Bac˙rov',27,27,'504556');
insert into m_adresa(n_mesta, cislo_domu, id_okresu, psc) values ('B·Ë',28,27,'508080');
insert into m_adresa(n_mesta, cislo_domu, id_okresu, psc) values ('BaËka',29,27,'508161');
insert into m_adresa(n_mesta, cislo_domu, id_okresu, psc) values ('BaËkov',30,27,'504629');
insert into m_adresa(n_mesta, cislo_domu, id_okresu, psc) values ('BaËkovÌk',31,27,'504637');
insert into m_adresa(n_mesta, cislo_domu, id_okresu, psc) values ('BaÔan',32,27,'508195');
insert into m_adresa(n_mesta, cislo_domu, id_okresu, psc) values ('B·dice',33,27,'504769');
insert into m_adresa(n_mesta, cislo_domu, id_okresu, psc) values ('BadÌn',34,27,'504858');
insert into m_adresa(n_mesta, cislo_domu, id_okresu, psc) values ('B·hoÚ',35,27,'504874');
insert into m_adresa(n_mesta, cislo_domu, id_okresu, psc) values ('Bajany',36,27,'508233');
insert into m_adresa(n_mesta, cislo_domu, id_okresu, psc) values ('BajË',37,27,'508241');
insert into m_adresa(n_mesta, cislo_domu, id_okresu, psc) values ('Bajerov',38,27,'504947');
insert into m_adresa(n_mesta, cislo_domu, id_okresu, psc) values ('Bajerovce',39,27,'508349');
insert into m_adresa(n_mesta, cislo_domu, id_okresu, psc) values ('Bajka',40,27,'500267');
insert into m_adresa(n_mesta, cislo_domu, id_okresu, psc) values ('Bajtava',41,27,'508365');
insert into m_adresa(n_mesta, cislo_domu, id_okresu, psc) values ('Baka',42,27,'504980');
insert into m_adresa(n_mesta, cislo_domu, id_okresu, psc) values ('Bal·ûe',43,27,'508381');
insert into m_adresa(n_mesta, cislo_domu, id_okresu, psc) values ('Baldovce',44,28,'507806');
insert into m_adresa(n_mesta, cislo_domu, id_okresu, psc) values ('Balog nad Ipæom',45,28,'507849');
insert into m_adresa(n_mesta, cislo_domu, id_okresu, psc) values ('BaloÚ',46,28,'507857');
insert into m_adresa(n_mesta, cislo_domu, id_okresu, psc) values ('BaÚa',47,28,'507873');
insert into m_adresa(n_mesta, cislo_domu, id_okresu, psc) values ('BaÚa Lucia',48,28,'507881');
insert into m_adresa(n_mesta, cislo_domu, id_okresu, psc) values ('Banka',49,28,'507946');
insert into m_adresa(n_mesta, cislo_domu, id_okresu, psc) values ('B·nov',50,28,'508047');
insert into m_adresa(n_mesta, cislo_domu, id_okresu, psc) values ('B·novce nad Bebravou',51,28,'508101');
insert into m_adresa(n_mesta, cislo_domu, id_okresu, psc) values ('Biskupice',52,28,'508179');
insert into m_adresa(n_mesta, cislo_domu, id_okresu, psc) values ('HornÈ Ozorovce',53,28,'508187');
insert into m_adresa(n_mesta, cislo_domu, id_okresu, psc) values ('B·novce nad Ondavou',54,28,'508225');
insert into m_adresa(n_mesta, cislo_domu, id_okresu, psc) values ('Bansk· Bel·',55,28,'507989');
insert into m_adresa(n_mesta, cislo_domu, id_okresu, psc) values ('Bansk· Bystrica',56,28,'508250');
insert into m_adresa(n_mesta, cislo_domu, id_okresu, psc) values ('Bansk· ätiavnica',57,28,'508268');
insert into m_adresa(n_mesta, cislo_domu, id_okresu, psc) values ('BanskÈ',58,28,'508306');
insert into m_adresa(n_mesta, cislo_domu, id_okresu, psc) values ('Bansk˝ Studenec',59,28,'508314');
insert into m_adresa(n_mesta, cislo_domu, id_okresu, psc) values ('Bara',60,28,'508322');
insert into m_adresa(n_mesta, cislo_domu, id_okresu, psc) values ('Mal· Bara',61,29,'507814');
insert into m_adresa(n_mesta, cislo_domu, id_okresu, psc) values ('Veæk· Bara',62,29,'507822');
insert into m_adresa(n_mesta, cislo_domu, id_okresu, psc) values ('Barca',63,29,'503681');
insert into m_adresa(n_mesta, cislo_domu, id_okresu, psc) values ('Bardejov',64,29,'507865');
insert into m_adresa(n_mesta, cislo_domu, id_okresu, psc) values ('Bardejovsk· Nov· Ves',65,29,'545333');
insert into m_adresa(n_mesta, cislo_domu, id_okresu, psc) values ('Dlh· L˙ka',66,29,'507903');
insert into m_adresa(n_mesta, cislo_domu, id_okresu, psc) values ('Bardejovsk· Z·bava',67,29,'503797');
insert into m_adresa(n_mesta, cislo_domu, id_okresu, psc) values ('BardejovskÈ K˙pele',68,29,'503801');
insert into m_adresa(n_mesta, cislo_domu, id_okresu, psc) values ('BardoÚovo',69,29,'503819');
insert into m_adresa(n_mesta, cislo_domu, id_okresu, psc) values ('Bartoöova LehÙtka',70,29,'507911');
insert into m_adresa(n_mesta, cislo_domu, id_okresu, psc) values ('Bartoöovce',71,29,'555487');
insert into m_adresa(n_mesta, cislo_domu, id_okresu, psc) values ('Baöka',72,29,'507938');
insert into m_adresa(n_mesta, cislo_domu, id_okresu, psc) values ('Baökovce',73,29,'507997');
insert into m_adresa(n_mesta, cislo_domu, id_okresu, psc) values ('Baökovce',74,29,'555495');
insert into m_adresa(n_mesta, cislo_domu, id_okresu, psc) values ('Baöovce',75,29,'503851');
insert into m_adresa(n_mesta, cislo_domu, id_okresu, psc) values ('Batizovce',76,29,'503894');
insert into m_adresa(n_mesta, cislo_domu, id_okresu, psc) values ('B·tka',77,29,'508071');
insert into m_adresa(n_mesta, cislo_domu, id_okresu, psc) values ('B·torov·',78,29,'508098');
insert into m_adresa(n_mesta, cislo_domu, id_okresu, psc) values ('B·torove Kosihy',79,29,'508110');
insert into m_adresa(n_mesta, cislo_domu, id_okresu, psc) values ('B·tovce',80,29,'508136');
insert into m_adresa(n_mesta, cislo_domu, id_okresu, psc) values ('Jalaköov·',81,29,'582549');
insert into m_adresa(n_mesta, cislo_domu, id_okresu, psc) values ('Beckov',82,29,'503983');
insert into m_adresa(n_mesta, cislo_domu, id_okresu, psc) values ('Beckovsk· Vieska',83,29,'508209');
insert into m_adresa(n_mesta, cislo_domu, id_okresu, psc) values ('Beharovce',84,29,'508217');
insert into m_adresa(n_mesta, cislo_domu, id_okresu, psc) values ('Becherov',85,29,'508276');
insert into m_adresa(n_mesta, cislo_domu, id_okresu, psc) values ('Bel·',86,29,'508284');
insert into m_adresa(n_mesta, cislo_domu, id_okresu, psc) values ('Bel·',87,29,'508292');
insert into m_adresa(n_mesta, cislo_domu, id_okresu, psc) values ('KubÌkov·',88,29,'508331');
insert into m_adresa(n_mesta, cislo_domu, id_okresu, psc) values ('Bel· nad Cirochou',89,29,'555509');


--------------------------------------------Vyrobcovia liekov----------------------------------------------------------------
Insert into m_vyrobca_liekov values ('529311','AGEPHA PHARMA s.r.o.†',45703850);
Insert into m_vyrobca_liekov values ('529320','Alliance Healthcare s.r.o. organizaËn· zloûka†',36869562);
Insert into m_vyrobca_liekov values ('529338','Allos a.s.†',45687463);
Insert into m_vyrobca_liekov values ('529346','AtB Pharma s.r.o.†',50765973);
Insert into m_vyrobca_liekov values ('529354','BIOMIN a.s.†',681725);
Insert into m_vyrobca_liekov values ('529362','BIONT a.s.†',35917571);
Insert into m_vyrobca_liekov values ('529401','Biotika a.s.†',31561900);
Insert into m_vyrobca_liekov values ('529371','CALENDULA a.s.†',35748320);
Insert into m_vyrobca_liekov values ('529389','DSV Solutions Slovakia s. r. o.†',36467308);
Insert into m_vyrobca_liekov values ('529397','EL spol. s r.o.†',31652859);
Insert into m_vyrobca_liekov values ('529419','EUROFINS BEL/NOVAMANN s.r.o.†',31329209);
Insert into m_vyrobca_liekov values ('529427','Farm·cia Martin a.s.†',45266328);
Insert into m_vyrobca_liekov values ('529435','G.V.Pharma a.s.†',31709249);
Insert into m_vyrobca_liekov values ('529443','GALVEX spol. s r.o.†',36049506);
Insert into m_vyrobca_liekov values ('529460','GMP service s.r.o.†',50585789);
Insert into m_vyrobca_liekov values ('529494','hameln rds s. r. o.†',34122885);
Insert into m_vyrobca_liekov values ('507831','HBM Pharma s.r.o.†',31560784);
Insert into m_vyrobca_liekov values ('507890','IMUNA PHARM a.s.†',36473685);
Insert into m_vyrobca_liekov values ('507954','MED - ART spol. s r.o.†',34113924);
Insert into m_vyrobca_liekov values ('507962','MEDIGROUP s. r. o.†',43957773);
Insert into m_vyrobca_liekov values ('508012','MediPharm a.s.†',46147594);
Insert into m_vyrobca_liekov values ('508021','Medirex a.s.†',35766450);
Insert into m_vyrobca_liekov values ('508039','Messer Tatragas spol. s r.o.†',685852);
Insert into m_vyrobca_liekov values ('508055','MIKROCHEM spol. s r.o.†',604496);
Insert into m_vyrobca_liekov values ('508063','Movianto Slovensko s. r. o.†',36868132);
Insert into m_vyrobca_liekov values ('504556','Novartis Slovakia s.r.o.†',36723304);
Insert into m_vyrobca_liekov values ('508080','PHARMA REVOLTA s. r. o.†',52659453);
Insert into m_vyrobca_liekov values ('508161','PHOENIX ZdravotnÌcke z·sobovanie a.s.†',34142941);
Insert into m_vyrobca_liekov values ('504629','RONCOR a.s.†',36323608);
Insert into m_vyrobca_liekov values ('504637','SanaClis s.r.o.†',35804084);
Insert into m_vyrobca_liekov values ('508195','Saneca Pharmaceuticals a. s.†',46833323);
Insert into m_vyrobca_liekov values ('504769','UNIMED PHARMA spol. s r.o.†',31367216);
Insert into m_vyrobca_liekov values ('504858','UNIPHARMA - 1. slovensk· lek·rnick· akciov· spoloËnosù†',31625657);
Insert into m_vyrobca_liekov values ('504874','VULM s.r.o.†',50094602);
------------------------------------------------------Liek--------------------------------------------------------------------
insert into m_liek(id_vyrobca_liekov, nazov, popis) values (681725,'Milurit30 x 300 mg','metabolickÈ poruchy (dna)');
insert into m_liek(id_vyrobca_liekov, nazov, popis) values (35917571,'Agen 30 x 5 mg','lieËba zv˝öenÈho krvnÈho tlaku a is-chÈmia myokardu');
insert into m_liek(id_vyrobca_liekov, nazov, popis) values (31561900,'Tritace 30 x 5mg','terapia hypertenzie');
insert into m_liek(id_vyrobca_liekov, nazov, popis) values (35748320,'Enelbin 100 x 100 mg','pri ochoreniach vyvolan˝ch poruchami prekrvenia konËatÌn a mozgu');
insert into m_liek(id_vyrobca_liekov, nazov, popis) values (36467308,'Coronal 30 x 5mg','pre srdciarov');
insert into m_liek(id_vyrobca_liekov, nazov, popis) values (31652859,'Pamycon 1 fæaúka','na lieËbu r·n, z·palov');

----------------------------------------------------Lekaren-------------------------------------------------------------------
insert into m_lekaren(PSC, nazov)  values ('529311','Lek·reÚ Dr.Max');
insert into m_lekaren(PSC, nazov)  values ('529320','Lek·reÚ Medical Park');
insert into m_lekaren(PSC, nazov)  values ('529338','Lek·reÚ ZDRAVIE');
insert into m_lekaren(PSC, nazov)  values ('529311','Lek·reÚ VERONIKA');
insert into m_lekaren(PSC, nazov)  values ('529338','Lek·reÚ P⁄PAVA');
insert into m_lekaren(PSC, nazov)  values ('529311','Lek·reÚ Karpatia');
insert into m_lekaren(PSC, nazov)  values ('529320','Lek·reÚ na korze');


---------------------------------------------------Institut-------------------------------------------------------------------
insert into m_institut(PSC, nazov, popis) values ('529311','Nemocnica sv. Michala', 'Nemocnica pre pacientov s diabetom');

---------------------------------------------------Liecba-------------------------------------------------------------------
insert into m_liecba(id_liek, id_lekaren, id_institut, stav, cena) values (1,1,1,'Opakovana', 10.55);

--------------------------------------------------HRAC---------------------------------------------------------------------
insert into m_hrac values ('aaaa825986dc8b723831d448', 'Denis', 'ADAM');
--------------------------------------------------Operacia---------------------------------------------------------------------
insert into m_operacia(nazov, popis) values ('Operacia kolena', 'Odrezanie jablcka');

--------------------------------------------------Pouzivatel---------------------------------------------------------------------

DECLARE
  v_source_blob BFILE := BFILENAME('M_IMAGES_DIR', 'choc.jpg');
    v_size_blob integer;
      v_blob BLOB := EMPTY_BLOB();
BEGIN
    DBMS_LOB.OPEN(v_source_blob, DBMS_LOB.LOB_READONLY);
       v_size_blob := DBMS_LOB.GETLENGTH(v_source_blob);
    INSERT INTO m_pouzivatel values(1, 'a@gmail.com', 'a', CURRENT_TIMESTAMP, CURRENT_TIMESTAMP, EMPTY_BLOB(), '.jpg')
                returning subor into v_blob;
    DBMS_LOB.LOADFROMFILE(v_blob, v_source_blob, v_size_blob);
      DBMS_LOB.CLOSE(v_source_blob);
   UPDATE m_pouzivatel
      SET subor=v_blob
        WHERE id_pouzivatela=1;
        commit;
END;
/

--------------------------------------------------Osoba---------------------------------------------------------------------
insert into m_osoba values (null, null, '9704082355');
insert into m_osoba values (null, null, '9704082366');
insert into m_osoba values (null, null, '9704082377');
insert into m_osoba values (null, null, '9704082388');
insert into m_osoba values (null, null, '9704082399');
insert into m_osoba values (null, null, '9704082410');
insert into m_osoba values (null, null, '9704082421');
insert into m_osoba values (null, null, '9704082432');
insert into m_osoba values (null, null, '9704082443');
insert into m_osoba values (null, null, '9704082454');
insert into m_osoba values (null, null, '9704082465');
insert into m_osoba values (null, null, '9704082476');
insert into m_osoba values (null, null, '9704082487');
insert into m_osoba values (null, null, '9704082498');
insert into m_osoba values (null, null, '9704082509');
insert into m_osoba values (null, null, '9704082520');
insert into m_osoba values (null, null, '9704082531');
insert into m_osoba values (null, null, '9704082542');
insert into m_osoba values (null, null, '9704082553');
insert into m_osoba values (null, null, '9704082564');
insert into m_osoba values (null, null, '9704082575');
insert into m_osoba values ('aaaa825986dc8b723831d448', null, '9707256124');

--------------------------------------------------Poistovna---------------------------------------------------------------------
insert into m_poistovna values (null, 'ALLIANZ - Slovensk· poisùovÚa a. s.',50274235);
insert into m_poistovna values (null, 'AXA poisùovÚa a.s. poboËka poisùovne z inÈho ËlenskÈho öt·tu',40556518);
insert into m_poistovna values (null, '»SOB PoisùovÚa a.s.',50256209);
insert into m_poistovna values (null, 'GENERALI PoisùovÚa a. s.',55842570);
insert into m_poistovna values (null, 'GENERALI PoisùovÚa a. s. odötepn˝ z·vod Genertel.',749897);
insert into m_poistovna values (null, 'GROUPAMA poisùovÚa a. s. poboËka poisùovne z inÈho ËlenskÈho öt·tu',39509328);
insert into m_poistovna values (null, 'GENERALI PoisùovÚa a. s. odötepn˝ z·vod EurÛpska cestovn· poisùovÚa',34718090);
insert into m_poistovna values (null, 'KOMUN¡LNA poisùovÚa a.s. Vienna Insurance Group',39323152);
insert into m_poistovna values (null, 'KOOPERATIVA poisùovÚa a.s. Vienna Insurance Group',40114038);
insert into m_poistovna values (null, 'NOVIS PoisùovÚa a.s.',34818144);
insert into m_poistovna values (null, 'UNIQA poisùovÚa a.s.',34462129);
insert into m_poistovna values (null, 'UNION poisùovÚa a. s.',49792960);
insert into m_poistovna values (null, 'W¸STENROT poisùovÚa a.s.',34880173);

-----------------------------------------------------m_specializacia-------------------------------------------------------------------
insert into m_specializacia(nazov, popis) values ('vn˙tornÈ lek·rstvo', null);
insert into m_specializacia(nazov, popis) values ('infektolÛgia', null);
insert into m_specializacia(nazov, popis) values ('pneumolÛgia a ftizeolÛgia', null);
insert into m_specializacia(nazov, popis) values ('neurolÛgia', null);
insert into m_specializacia(nazov, popis) values ('psychiatria', null);
insert into m_specializacia(nazov, popis) values ('pracovnÈ lek·rstvo', null);
insert into m_specializacia(nazov, popis) values ('pediatria', null);
insert into m_specializacia(nazov, popis) values ('vöeobecn· starostlivosù o deti a dorast', null);
insert into m_specializacia(nazov, popis) values ('gynekolÛgia a pÙrodnÌctvo', null);
insert into m_specializacia(nazov, popis) values ('chirurgia', null);
insert into m_specializacia(nazov, popis) values ('ortopÈdia', null);
insert into m_specializacia(nazov, popis) values ('urolÛgia', null);
insert into m_specializacia(nazov, popis) values ('˙razov· chirurgia', null);
insert into m_specializacia(nazov, popis) values ('otorinolaryngolÛgia', null);
insert into m_specializacia(nazov, popis) values ('oftalmolÛgia', null);
insert into m_specializacia(nazov, popis) values ('pediatrick· gynekolÛgia', null);
insert into m_specializacia(nazov, popis) values ('dermatovenerolÛgia', null);
insert into m_specializacia(nazov, popis) values ('klinick· onkolÛgia', null);
insert into m_specializacia(nazov, popis) values ('vöeobecnÈ lek·rstvo', null);
insert into m_specializacia(nazov, popis) values ('dorastovÈ lek·rstvo', null);
insert into m_specializacia(nazov, popis) values ('r·diolÛgia', null);
insert into m_specializacia(nazov, popis) values ('klinick· biochÈmia', null);
insert into m_specializacia(nazov, popis) values ('anestÈziolÛgia a intenzÌvna medicÌna', null);
insert into m_specializacia(nazov, popis) values ('telov˝chovnÈ lek·rstvo', null);
insert into m_specializacia(nazov, popis) values ('fyziatria balneolÛgia a lieËebn· rehabilit·cia', null);
insert into m_specializacia(nazov, popis) values ('s˙dne lek·rstvo', null);
insert into m_specializacia(nazov, popis) values ('patologick· anatÛmia', null);
insert into m_specializacia(nazov, popis) values ('hematolÛgia a transfuziolÛgia', null);
insert into m_specializacia(nazov, popis) values ('urgentn· medicÌna', null);
insert into m_specializacia(nazov, popis) values ('klinick· mikrobiolÛgia', null);
insert into m_specializacia(nazov, popis) values ('neurochirurgia', null);
insert into m_specializacia(nazov, popis) values ('plastick· chirurgia', null);
insert into m_specializacia(nazov, popis) values ('ortopedick· protetika', null);
insert into m_specializacia(nazov, popis) values ('klinick· imunolÛgia a alergolÛgia', null);
insert into m_specializacia(nazov, popis) values ('radiaËn· onkolÛgia', null);
insert into m_specializacia(nazov, popis) values ('foniatria', null);
insert into m_specializacia(nazov, popis) values ('reumatolÛgia', null);
insert into m_specializacia(nazov, popis) values ('algeziolÛgia', null);
insert into m_specializacia(nazov, popis) values ('nukle·rna medicÌna', null);
insert into m_specializacia(nazov, popis) values ('gastroenterolÛgia', null);
insert into m_specializacia(nazov, popis) values ('kardiolÛgia', null);
insert into m_specializacia(nazov, popis) values ('diabetolÛgia poruchy l·tkovej premeny a v˝ûivy', null);
insert into m_specializacia(nazov, popis) values ('neonatolÛgia', null);
insert into m_specializacia(nazov, popis) values ('hygiena detÌ a ml·deûe', null);
insert into m_specializacia(nazov, popis) values ('angiolÛgia', null);
insert into m_specializacia(nazov, popis) values ('hygiena ûivotnÈho prostredia', null);
insert into m_specializacia(nazov, popis) values ('hygiena v˝ûivy', null);
insert into m_specializacia(nazov, popis) values ('epidemiolÛgia', null);
insert into m_specializacia(nazov, popis) values ('geriatria', null);
insert into m_specializacia(nazov, popis) values ('medicÌnska informatika a bioötatistika', null);
insert into m_specializacia(nazov, popis) values ('lek·rska genetika', null);
insert into m_specializacia(nazov, popis) values ('nefrolÛgia', null);
insert into m_specializacia(nazov, popis) values ('endokrinolÛgia', null);
insert into m_specializacia(nazov, popis) values ('klinick· farmakolÛgia', null);
insert into m_specializacia(nazov, popis) values ('zdravotnÌcka informatika', null);
insert into m_specializacia(nazov, popis) values ('gynekologick· sexuolÛgia', null);
insert into m_specializacia(nazov, popis) values ('cievna chirurgia', null);
insert into m_specializacia(nazov, popis) values ('kardiochirurgia', null);
insert into m_specializacia(nazov, popis) values ('maxilofaci·lna chirurgia', null);
insert into m_specializacia(nazov, popis) values ('medicÌna drogov˝ch z·vislostÌ', null);
insert into m_specializacia(nazov, popis) values ('gerontopsychiatria', null);
insert into m_specializacia(nazov, popis) values ('leteckÈ lek·rstvo', null);
insert into m_specializacia(nazov, popis) values ('lek·r bez öpecializ·cie', null);
insert into m_specializacia(nazov, popis) values ('lek·r predpisuj˙ci lieky pre seba a osoby blÌzke', null);
insert into m_specializacia(nazov, popis) values ('posudkovÈ lek·rstvo', null);
insert into m_specializacia(nazov, popis) values ('ochrana zdravia pred ionizuj˙cim ûiarenÌm', null);
insert into m_specializacia(nazov, popis) values ('pediatrick· neurolÛgia', null);
insert into m_specializacia(nazov, popis) values ('detsk· psychiatria', null);
insert into m_specializacia(nazov, popis) values ('hrudnÌkov· chirurgia', null);
insert into m_specializacia(nazov, popis) values ('detsk· chirurgia', null);
insert into m_specializacia(nazov, popis) values ('pediatrick· ortopÈdia', null);
insert into m_specializacia(nazov, popis) values ('pediatrick· urolÛgia', null);
insert into m_specializacia(nazov, popis) values ('pediatrick· otorinolaryngolÛgia', null);
insert into m_specializacia(nazov, popis) values ('materno', null);
insert into m_specializacia(nazov, popis) values ('v˝chova k zdraviu', null);
insert into m_specializacia(nazov, popis) values ('pediatrick· imunolÛgia a alergiolÛgia', null);
insert into m_specializacia(nazov, popis) values ('pediatrick· reumatolÛgia', null);
insert into m_specializacia(nazov, popis) values ('pediatrick· endokrinolÛgia', null);
insert into m_specializacia(nazov, popis) values ('pediatrick· gastroenterolÛgia hepatolÛgia a v˝ûiva', null);
insert into m_specializacia(nazov, popis) values ('pediatrick· kardiolÛgia', null);
insert into m_specializacia(nazov, popis) values ('pediatrick· pneumolÛgia a ftizeolÛgia', null);
insert into m_specializacia(nazov, popis) values ('pediatrick· nefrolÛgia', null);
insert into m_specializacia(nazov, popis) values ('hepatolÛgia', null);
insert into m_specializacia(nazov, popis) values ('gastroenterologick· chirurgia', null);
insert into m_specializacia(nazov, popis) values ('neuropsychiatria', null);
insert into m_specializacia(nazov, popis) values ('laboratÛrna medicÌna', null);
insert into m_specializacia(nazov, popis) values ('tropick· medicÌna', null);
insert into m_specializacia(nazov, popis) values ('verejnÈ zdravotnÌctvo', null);
insert into m_specializacia(nazov, popis) values ('onkolÛgia v gynekolÛgii', null);
insert into m_specializacia(nazov, popis) values ('psychosomatick· a behavior·lna medicÌna', null);
insert into m_specializacia(nazov, popis) values ('ultrazvuk v gynekolÛgii a pÙrodnÌctve', null);
insert into m_specializacia(nazov, popis) values ('öpeci·lne laboratÛrne a diagnostickÈ metÛdy v hematolÛgii a transf˙ziolÛgii', null);
insert into m_specializacia(nazov, popis) values ('mamolÛgia', null);
insert into m_specializacia(nazov, popis) values ('reprodukËn· medicÌna', null);
insert into m_specializacia(nazov, popis) values ('akupunkt˙ra', null);
insert into m_specializacia(nazov, popis) values ('androlÛgia', null);
insert into m_specializacia(nazov, popis) values ('klinickÈ pracovnÈ lek·rstvo a klinick· toxikolÛgia', null);
insert into m_specializacia(nazov, popis) values ('gynekologick· urolÛgia', null);
insert into m_specializacia(nazov, popis) values ('onkolÛgia v chirurgii', null);
insert into m_specializacia(nazov, popis) values ('onkolÛgia v urolÛgii', null);
insert into m_specializacia(nazov, popis) values ('pediatrick· anestÈziolÛgia', null);
insert into m_specializacia(nazov, popis) values ('pediatrick· hematolÛgia a onkolÛgia', null);
insert into m_specializacia(nazov, popis) values ('pediatrick· infektolÛgia', null);
insert into m_specializacia(nazov, popis) values ('pediatrick· intenzÌvna medicÌna', null);
insert into m_specializacia(nazov, popis) values ('paliatÌvna medicÌna', null);
insert into m_specializacia(nazov, popis) values ('pediatrick· oftalmolÛgia', null);
insert into m_specializacia(nazov, popis) values ('sexuolÛgia', null);
insert into m_specializacia(nazov, popis) values ('pediatrick· urgentn· medicÌna', null);
insert into m_specializacia(nazov, popis) values ('zdravotnÌcka ekolÛgia', null);
insert into m_specializacia(nazov, popis) values ('revÌzne lek·rstvo', null);
insert into m_specializacia(nazov, popis) values ('preventÌvne pracovnÈ lek·rstvo a toxikolÛgia', null);
insert into m_specializacia(nazov, popis) values ('psychiatrick· sexuolÛgia', null);
insert into m_specializacia(nazov, popis) values ('sluûby zdravia pri pr·ci', null);
insert into m_specializacia(nazov, popis) values ('ötudijn˝ odbor vöeobecnÈ lek·rstvo', null);
insert into m_specializacia(nazov, popis) values ('ötudijn˝ odbor detskÈ lek·rstvo', null);



-----------------------------------------------------m_krvna_skupina-------------------------------------------------------------------
insert into m_krvna_skupina values('9707256124', new m_krv('AB', 'rh+'), 1);

-----------------------------------------------------m_vlastnosti-------------------------------------------------------------------
insert into m_vlastnosti_hraca(rod_cislo, auto) values('9707256124', new m_vlastnosti(75.8, 183));

-----------------------------------------------------m_doktor-------------------------------------------------------------
insert into m_doktor values ('9704082355','A64932040','Lucia','Astaloöov·');
insert into m_doktor values ('9704082366','A37481001','Emil','AugustÌn');
insert into m_doktor values ('9704082377','A78485049','Michal','AugustÌn');
insert into m_doktor values ('9704082388','A57758009','Pavol','Babinec');
insert into m_doktor values ('9704082399','A35887023','Eva','Babiöov·');
insert into m_doktor values ('9704082410','A70620247','Pavol','Babjak');
insert into m_doktor values ('9704082421','A84940020','Peter','Babjak');
insert into m_doktor values ('9704082432','A41128154','Eva','BaËinsk·');
insert into m_doktor values ('9704082443','A52758001','Jana','BaËinsk·');
insert into m_doktor values ('9704082454','B59063016','Karin','BadÌkov·');
insert into m_doktor values ('9704082465','B91009016','ätefan','BaÔura');
insert into m_doktor values ('9704082476','A90906020','ätefan','Bajcar');
insert into m_doktor values ('9704082487','A18487801','Viera','Bal·ûov·');
insert into m_doktor values ('9704082498','A45400801','Zuzana','Bal·ûov·');
insert into m_doktor values ('9704082509','A96312801','Ivana','Balh·rkov·');
insert into m_doktor values ('9704082520','B78798016','Miroslav','Ballay');
insert into m_doktor values ('9704082531','A35092001','Peter','Ballay');


-----------------------------------------------------m_specializacia_lekara-------------------------------------------------------------
insert into m_specializacia_lekara(id_doktor, id_specializacia) values ('A64932040',1);
insert into m_specializacia_lekara(id_doktor, id_specializacia) values ('A37481001',2);
insert into m_specializacia_lekara(id_doktor, id_specializacia) values ('A78485049',3);
insert into m_specializacia_lekara(id_doktor, id_specializacia) values ('A57758009',4);
insert into m_specializacia_lekara(id_doktor, id_specializacia) values ('A35887023',5);
insert into m_specializacia_lekara(id_doktor, id_specializacia) values ('A70620247',6);
insert into m_specializacia_lekara(id_doktor, id_specializacia) values ('A84940020',7);
insert into m_specializacia_lekara(id_doktor, id_specializacia) values ('A41128154',8);
insert into m_specializacia_lekara(id_doktor, id_specializacia) values ('A52758001',9);
insert into m_specializacia_lekara(id_doktor, id_specializacia) values ('B59063016',10);
insert into m_specializacia_lekara(id_doktor, id_specializacia) values ('B91009016',11);
insert into m_specializacia_lekara(id_doktor, id_specializacia) values ('A90906020',12);
insert into m_specializacia_lekara(id_doktor, id_specializacia) values ('A18487801',13);
insert into m_specializacia_lekara(id_doktor, id_specializacia) values ('A45400801',14);
insert into m_specializacia_lekara(id_doktor, id_specializacia) values ('A96312801',15);
insert into m_specializacia_lekara(id_doktor, id_specializacia) values ('B78798016',16);
insert into m_specializacia_lekara(id_doktor, id_specializacia) values ('A35092001',17);



-----------------------------------------------------m_zdravotny_zaznam-------------------------------------------------------------
insert into m_zdravotny_zaznam(id_doktor, rod_cislo, id_institut, datum_prehliadky,stav) values ('A64932040','9704082542',1,CURRENT_TIMESTAMP,null);
insert into m_zdravotny_zaznam(id_doktor, rod_cislo, id_institut, datum_prehliadky,stav) values ('A37481001','9704082553',1,CURRENT_TIMESTAMP,null);
insert into m_zdravotny_zaznam(id_doktor, rod_cislo, id_institut, datum_prehliadky,stav) values ('A78485049','9704082564',1,CURRENT_TIMESTAMP,null);
insert into m_zdravotny_zaznam(id_doktor, rod_cislo, id_institut, datum_prehliadky,stav) values ('A57758009','9704082575',1,CURRENT_TIMESTAMP,null);
insert into m_zdravotny_zaznam(id_doktor, rod_cislo, id_institut, datum_prehliadky,stav) values ('A64932040','9704082542',1,CURRENT_TIMESTAMP,null);
insert into m_zdravotny_zaznam(id_doktor, rod_cislo, id_institut, datum_prehliadky,stav) values ('A64932040','9704082542',1,CURRENT_TIMESTAMP,null);
insert into m_zdravotny_zaznam(id_doktor, rod_cislo, id_institut, datum_prehliadky,stav) values ('A64932040','9704082542',1,CURRENT_TIMESTAMP,null);

-----------------------------------------------------m_zdravotna_karta-------------------------------------------------------------
insert into m_zdravotna_karta(rod_cislo, m_t_choroby_informacie, id_zdravotny_zaznam, kontraindikacie, datum_zalozenia) values ('9704082542', m_t_choroba(new m_rec_choroba('Zhubn˝ n·dor bliûöie neurËenej sliznice ˙st.Zhubn˝ n·dor vn˙tornÈho lÌca','Zhubn˝ n·dor sliznice lÌca','C06.0')),1,null,CURRENT_TIMESTAMP);
insert into m_zdravotna_karta(rod_cislo, m_t_choroby_informacie, id_zdravotny_zaznam, kontraindikacie, datum_zalozenia) values ('9704082553', m_t_choroba(new m_rec_choroba('Infekcia zaprÌËinen· Salmonella typhi. Tyfoidn· hor˙Ëka','Bruön˝ t˝fus','A01.0')),2,null,CURRENT_TIMESTAMP);
insert into m_zdravotna_karta(rod_cislo, m_t_choroby_informacie, id_zdravotny_zaznam, kontraindikacie, datum_zalozenia) values ('9704082564', m_t_choroba(new m_rec_choroba('InfekËn· enetritÌda zaprÌËinen· salmonelou. ','Salmonelov· enteritÌda','A02.0')),3,null,CURRENT_TIMESTAMP);
insert into m_zdravotna_karta(rod_cislo, m_t_choroby_informacie, id_zdravotny_zaznam, kontraindikacie, datum_zalozenia) values ('9704082575', m_t_choroba(new m_rec_choroba('Klasick· potravinov· otrava zaprÌËinen· Clostridium botulinum','Botulizmus','A05.1')),4,null,CURRENT_TIMESTAMP);
insert into m_zdravotna_karta(rod_cislo, m_t_choroby_informacie, id_zdravotny_zaznam, kontraindikacie, datum_zalozenia) values ('9704082542', m_t_choroba(new m_rec_choroba('Infekcia zaprÌËinen· Salmonella typhi. Tyfoidn· hor˙Ëka','Bruön˝ t˝fus','A01.0')),5,null,CURRENT_TIMESTAMP);
insert into m_zdravotna_karta(rod_cislo, m_t_choroby_informacie, id_zdravotny_zaznam, kontraindikacie, datum_zalozenia) values ('9704082542', m_t_choroba(new m_rec_choroba('InfekËn· enetritÌda zaprÌËinen· salmonelou.','Salmonelov· enteritÌda','A02.0')),6,null,CURRENT_TIMESTAMP);
insert into m_zdravotna_karta(rod_cislo, m_t_choroby_informacie, id_zdravotny_zaznam, kontraindikacie, datum_zalozenia) values ('9704082542', m_t_choroba(new m_rec_choroba('Klasick· potravinov· otrava zaprÌËinen· Clostridium botulinum.','Botulizmus','A05.1')),7,null,CURRENT_TIMESTAMP);


-----------------------------------------------------m_adresa_hraca--------------------------------------------------------------------------------------------------------
insert into m_adresa_hraca(PSC, rod_cislo) values ('529311','9704082542');
insert into m_adresa_hraca(PSC, rod_cislo) values ('529320','9704082553');
insert into m_adresa_hraca(PSC, rod_cislo) values ('529338','9704082564');
insert into m_adresa_hraca(PSC, rod_cislo) values ('529346','9704082564');
insert into m_adresa_hraca(PSC, rod_cislo) values ('529354','9704082564');



-----------------------------------------------------m_osetrujuci_doktor--------------------------------------------------------------------------------------------------------
/*set SERVEROUTPUT ON;
create or replace procedure generuj_data_m_od
 as
  type t_record is record 
  (
   id_institut          int,
   id_doktor            char(11),
   id_osetrujuci_doktor int
  );
  m_od t_record;
  m_velkost_institut integer;
  m_velkost_doktor integer;
  m_velkost integer;
 begin
  m_velkost_institut := -1;
  m_velkost_doktor := -1;
  select count(*) into m_velkost_institut from m_institut;
  select count(*) into m_velkost_doktor from m_doktor;
  m_velkost := min(m_velkost_institut, m_velkost_doktor);
 end;
/
*/

insert into m_osetrujuci_doktor(id_institut, id_doktor) values (1,'A64932040');
insert into m_osetrujuci_doktor(id_institut, id_doktor) values (1,'A37481001');
insert into m_osetrujuci_doktor(id_institut, id_doktor) values (1,'A78485049');
insert into m_osetrujuci_doktor(id_institut, id_doktor) values (1,'A57758009');
insert into m_osetrujuci_doktor(id_institut, id_doktor) values (1,'A35887023');


-----------------------------------------------------m_operacie_pacienta--------------------------------------------------------------------------------------------------------

insert into m_operacie_pacienta(rod_cislo, id_operacia, id_osetrujuci_doktor, popis) values ('9704082542',1,1,null);
insert into m_operacie_pacienta(rod_cislo, id_operacia, id_osetrujuci_doktor, popis) values ('9704082553',1,2,null);
insert into m_operacie_pacienta(rod_cislo, id_operacia, id_osetrujuci_doktor, popis) values ('9704082564',1,1,null);
insert into m_operacie_pacienta(rod_cislo, id_operacia, id_osetrujuci_doktor, popis) values ('9704082564',1,1,null);
insert into m_operacie_pacienta(rod_cislo, id_operacia, id_osetrujuci_doktor, popis) values ('9704082564',1,2,null);


-----------------------------------------------------m_predpisana_liecba--------------------------------------------------------------------------------------------------------

insert into m_predpisana_liecba(id_zdravotna_kara, id_liecba) values (2,1);
insert into m_predpisana_liecba(id_zdravotna_kara, id_liecba) values (3,1);


